[
  [
    {
      "keyIndex": 41,
      "marginBottom": 0.25,
      "width": 1,
      "height": 1,
      "marginRight": 1,
      "label": "ESC"
    },
    {
      "keyIndex": 58,
      "marginBottom": 0.25,
      "width": 1,
      "height": 1,
      "marginRight": 0,
      "label": "F1"
    },
    {
      "keyIndex": 59,
      "marginBottom": 0.25,
      "width": 1,
      "height": 1,
      "marginRight": 0,
      "label": "F2"
    },
    {
      "keyIndex": 60,
      "marginBottom": 0.25,
      "width": 1,
      "height": 1,
      "marginRight": 0,
      "label": "F3"
    },
    {
      "keyIndex": 61,
      "marginBottom": 0.25,
      "width": 1,
      "height": 1,
      "marginRight": 0.5,
      "label": "F4"
    },
    {
      "keyIndex": 62,
      "marginBottom": 0.25,
      "width": 1,
      "height": 1,
      "marginRight": 0,
      "label": "F5"
    },
    {
      "keyIndex": 63,
      "marginBottom": 0.25,
      "width": 1,
      "height": 1,
      "marginRight": 0,
      "label": "F6"
    },
    {
      "keyIndex": 64,
      "marginBottom": 0.25,
      "width": 1,
      "height": 1,
      "marginRight": 0,
      "label": "F7"
    },
    {
      "keyIndex": 65,
      "marginBottom": 0.25,
      "width": 1,
      "height": 1,
      "marginRight": 0.5,
      "label": "F8"
    },
    {
      "keyIndex": 66,
      "marginBottom": 0.25,
      "width": 1,
      "height": 1,
      "marginRight": 0,
      "label": "F9"
    },
    {
      "keyIndex": 67,
      "marginBottom": 0.25,
      "width": 1,
      "height": 1,
      "marginRight": 0,
      "label": "F10"
    },
    {
      "keyIndex": 68,
      "marginBottom": 0.25,
      "width": 1,
      "height": 1,
      "marginRight": 0,
      "label": "F11"
    },
    {
      "keyIndex": 69,
      "marginBottom": 0.25,
      "width": 1,
      "height": 1,
      "marginRight": 0.25,
      "label": "F12"
    },
    {
      "keyIndex": 70,
      "marginBottom": 0.25,
      "width": 1,
      "height": 1,
      "marginRight": 0,
      "label": "PrtSc"
    },
    {
      "keyIndex": 71,
      "marginBottom": 0.25,
      "width": 1,
      "height": 1,
      "marginRight": 0,
      "label": "Scr\nLock"
    },
    {
      "keyIndex": 72,
      "marginBottom": 0.25,
      "width": 1,
      "height": 1,
      "marginRight": 3.25,
      "label": "Pause"
    },
    {
      "keyIndex": 0,
      "marginBottom": 0.25,
      "width": 1,
      "height": 1,
      "marginRight": 0,
      "label": ""
    }
  ],
  [
    {
      "keyIndex": 53,
      "marginBottom": 0,
      "width": 1,
      "height": 1,
      "marginRight": 0,
      "label": "`\n~"
    },
    {
      "keyIndex": 30,
      "marginBottom": 0,
      "width": 1,
      "height": 1,
      "marginRight": 0,
      "label": "1\n!"
    },
    {
      "keyIndex": 31,
      "marginBottom": 0,
      "width": 1,
      "height": 1,
      "marginRight": 0,
      "label": "2\n@"
    },
    {
      "keyIndex": 32,
      "marginBottom": 0,
      "width": 1,
      "height": 1,
      "marginRight": 0,
      "label": "3\n#"
    },
    {
      "keyIndex": 33,
      "marginBottom": 0,
      "width": 1,
      "height": 1,
      "marginRight": 0,
      "label": "4\n$"
    },
    {
      "keyIndex": 34,
      "marginBottom": 0,
      "width": 1,
      "height": 1,
      "marginRight": 0,
      "label": "5\n%"
    },
    {
      "keyIndex": 35,
      "marginBottom": 0,
      "width": 1,
      "height": 1,
      "marginRight": 0,
      "label": "6\n^"
    },
    {
      "keyIndex": 36,
      "marginBottom": 0,
      "width": 1,
      "height": 1,
      "marginRight": 0,
      "label": "7\n&"
    },
    {
      "keyIndex": 37,
      "marginBottom": 0,
      "width": 1,
      "height": 1,
      "marginRight": 0,
      "label": "8\n*"
    },
    {
      "keyIndex": 38,
      "marginBottom": 0,
      "width": 1,
      "height": 1,
      "marginRight": 0,
      "label": "9\n("
    },
    {
      "keyIndex": 39,
      "marginBottom": 0,
      "width": 1,
      "height": 1,
      "marginRight": 0,
      "label": "0\n)"
    },
    {
      "keyIndex": 45,
      "marginBottom": 0,
      "width": 1,
      "height": 1,
      "marginRight": 0,
      "label": "-\n_"
    },
    {
      "keyIndex": 46,
      "marginBottom": 0,
      "width": 1,
      "height": 1,
      "marginRight": 0,
      "label": "=\n+"
    },
    {
      "keyIndex": 42,
      "marginBottom": 0,
      "width": 2,
      "height": 1,
      "marginRight": 0.25,
      "label": "BackSpc"
    },
    {
      "keyIndex": 73,
      "marginBottom": 0,
      "width": 1,
      "height": 1,
      "marginRight": 0,
      "label": "Insert"
    },
    {
      "keyIndex": 74,
      "marginBottom": 0,
      "width": 1,
      "height": 1,
      "marginRight": 0,
      "label": "Home"
    },
    {
      "keyIndex": 75,
      "marginBottom": 0,
      "width": 1,
      "height": 1,
      "marginRight": 0.25,
      "label": "PgUp"
    },
    {
      "keyIndex": 83,
      "marginBottom": 0,
      "width": 1,
      "height": 1,
      "marginRight": 0,
      "label": "Num Lock"
    },
    {
      "keyIndex": 84,
      "marginBottom": 0,
      "width": 1,
      "height": 1,
      "marginRight": 0,
      "label": "Pad /"
    },
    {
      "keyIndex": 85,
      "marginBottom": 0,
      "width": 1,
      "height": 1,
      "marginRight": 0,
      "label": "Pad *"
    },
    {
      "keyIndex": 86,
      "marginBottom": 0,
      "width": 1,
      "height": 1,
      "marginRight": 0,
      "label": "Pad -"
    }
  ],
  [
    {
      "keyIndex": 43,
      "marginBottom": 0,
      "width": 1.5,
      "height": 1,
      "marginRight": 0,
      "label": "Tab"
    },
    {
      "keyIndex": 20,
      "marginBottom": 0,
      "width": 1,
      "height": 1,
      "marginRight": 0,
      "label": "Q"
    },
    {
      "keyIndex": 26,
      "marginBottom": 0,
      "width": 1,
      "height": 1,
      "marginRight": 0,
      "label": "W"
    },
    {
      "keyIndex": 8,
      "marginBottom": 0,
      "width": 1,
      "height": 1,
      "marginRight": 0,
      "label": "E"
    },
    {
      "keyIndex": 21,
      "marginBottom": 0,
      "width": 1,
      "height": 1,
      "marginRight": 0,
      "label": "R"
    },
    {
      "keyIndex": 23,
      "marginBottom": 0,
      "width": 1,
      "height": 1,
      "marginRight": 0,
      "label": "T"
    },
    {
      "keyIndex": 28,
      "marginBottom": 0,
      "width": 1,
      "height": 1,
      "marginRight": 0,
      "label": "Y"
    },
    {
      "keyIndex": 24,
      "marginBottom": 0,
      "width": 1,
      "height": 1,
      "marginRight": 0,
      "label": "U"
    },
    {
      "keyIndex": 12,
      "marginBottom": 0,
      "width": 1,
      "height": 1,
      "marginRight": 0,
      "label": "I"
    },
    {
      "keyIndex": 18,
      "marginBottom": 0,
      "width": 1,
      "height": 1,
      "marginRight": 0,
      "label": "O"
    },
    {
      "keyIndex": 19,
      "marginBottom": 0,
      "width": 1,
      "height": 1,
      "marginRight": 0,
      "label": "P"
    },
    {
      "keyIndex": 47,
      "marginBottom": 0,
      "width": 1,
      "height": 1,
      "marginRight": 0,
      "label": "[\n{"
    },
    {
      "keyIndex": 48,
      "marginBottom": 0,
      "width": 1,
      "height": 1,
      "marginRight": 0,
      "label": "]\n}"
    },
    {
      "keyIndex": 49,
      "marginBottom": 0,
      "width": 1.5,
      "height": 1,
      "marginRight": 0.25,
      "label": "\\\n|"
    },
    {
      "keyIndex": 76,
      "marginBottom": 0,
      "width": 1,
      "height": 1,
      "marginRight": 0,
      "label": "Del"
    },
    {
      "keyIndex": 77,
      "marginBottom": 0,
      "width": 1,
      "height": 1,
      "marginRight": 0,
      "label": "End"
    },
    {
      "keyIndex": 78,
      "marginBottom": 0,
      "width": 1,
      "height": 1,
      "marginRight": 0.25,
      "label": "PgDn"
    },
    {
      "keyIndex": 95,
      "marginBottom": 0,
      "width": 1,
      "height": 1,
      "marginRight": 0,
      "label": "Pad 7"
    },
    {
      "keyIndex": 96,
      "marginBottom": 0,
      "width": 1,
      "height": 1,
      "marginRight": 0,
      "label": "Pad 8"
    },
    {
      "keyIndex": 97,
      "marginBottom": 0,
      "width": 1,
      "height": 1,
      "marginRight": 0,
      "label": "Pad 9"
    },
    {
      "keyIndex": 87,
      "marginBottom": 0,
      "width": 1,
      "height": 2,
      "marginRight": 0,
      "label": "Pad +"
    }
  ],
  [
    {
      "keyIndex": 57,
      "marginBottom": 0,
      "width": 1.75,
      "height": 1,
      "marginRight": 0,
      "label": "CapsLock"
    },
    {
      "keyIndex": 4,
      "marginBottom": 0,
      "width": 1,
      "height": 1,
      "marginRight": 0,
      "label": "A"
    },
    {
      "keyIndex": 22,
      "marginBottom": 0,
      "width": 1,
      "height": 1,
      "marginRight": 0,
      "label": "S"
    },
    {
      "keyIndex": 7,
      "marginBottom": 0,
      "width": 1,
      "height": 1,
      "marginRight": 0,
      "label": "D"
    },
    {
      "keyIndex": 9,
      "marginBottom": 0,
      "width": 1,
      "height": 1,
      "marginRight": 0,
      "label": "F"
    },
    {
      "keyIndex": 10,
      "marginBottom": 0,
      "width": 1,
      "height": 1,
      "marginRight": 0,
      "label": "G"
    },
    {
      "keyIndex": 11,
      "marginBottom": 0,
      "width": 1,
      "height": 1,
      "marginRight": 0,
      "label": "H"
    },
    {
      "keyIndex": 13,
      "marginBottom": 0,
      "width": 1,
      "height": 1,
      "marginRight": 0,
      "label": "J"
    },
    {
      "keyIndex": 14,
      "marginBottom": 0,
      "width": 1,
      "height": 1,
      "marginRight": 0,
      "label": "K"
    },
    {
      "keyIndex": 15,
      "marginBottom": 0,
      "width": 1,
      "height": 1,
      "marginRight": 0,
      "label": "L"
    },
    {
      "keyIndex": 51,
      "marginBottom": 0,
      "width": 1,
      "height": 1,
      "marginRight": 0,
      "label": ":\n;"
    },
    {
      "keyIndex": 52,
      "marginBottom": 0,
      "width": 1,
      "height": 1,
      "marginRight": 0,
      "label": "\"\n'"
    },
    {
      "keyIndex": 50,
      "marginBottom": 0,
      "width": 1,
      "height": 1,
      "marginRight": 0,
      "label": "Europe1"
    },
    {
      "keyIndex": 40,
      "marginBottom": 0,
      "width": 1.25,
      "height": 1,
      "marginRight": 3.5,
      "label": "Enter"
    },
    {
      "keyIndex": 92,
      "marginBottom": 0,
      "width": 1,
      "height": 1,
      "marginRight": 0,
      "label": "Pad 4"
    },
    {
      "keyIndex": 93,
      "marginBottom": 0,
      "width": 1,
      "height": 1,
      "marginRight": 0,
      "label": "Pad 5"
    },
    {
      "keyIndex": 94,
      "marginBottom": 0,
      "width": 1,
      "height": 1,
      "marginRight": 0,
      "label": "Pad 6"
    }
  ],
  [
    {
      "keyIndex": 104,
      "marginBottom": 0,
      "width": 1.25,
      "height": 1,
      "marginRight": 0,
      "label": "LShift"
    },
    {
      "keyIndex": 100,
      "marginBottom": 0,
      "width": 1,
      "height": 1,
      "marginRight": 0,
      "label": "Europe2"
    },
    {
      "keyIndex": 29,
      "marginBottom": 0,
      "width": 1,
      "height": 1,
      "marginRight": 0,
      "label": "Z"
    },
    {
      "keyIndex": 27,
      "marginBottom": 0,
      "width": 1,
      "height": 1,
      "marginRight": 0,
      "label": "X"
    },
    {
      "keyIndex": 6,
      "marginBottom": 0,
      "width": 1,
      "height": 1,
      "marginRight": 0,
      "label": "C"
    },
    {
      "keyIndex": 25,
      "marginBottom": 0,
      "width": 1,
      "height": 1,
      "marginRight": 0,
      "label": "V"
    },
    {
      "keyIndex": 5,
      "marginBottom": 0,
      "width": 1,
      "height": 1,
      "marginRight": 0,
      "label": "B"
    },
    {
      "keyIndex": 17,
      "marginBottom": 0,
      "width": 1,
      "height": 1,
      "marginRight": 0,
      "label": "N"
    },
    {
      "keyIndex": 16,
      "marginBottom": 0,
      "width": 1,
      "height": 1,
      "marginRight": 0,
      "label": "M"
    },
    {
      "keyIndex": 54,
      "marginBottom": 0,
      "width": 1,
      "height": 1,
      "marginRight": 0,
      "label": ",\n<"
    },
    {
      "keyIndex": 55,
      "marginBottom": 0,
      "width": 1,
      "height": 1,
      "marginRight": 0,
      "label": ".\n>"
    },
    {
      "keyIndex": 56,
      "marginBottom": 0,
      "width": 1,
      "height": 1,
      "marginRight": 0,
      "label": "/\n?"
    },
    {
      "keyIndex": 108,
      "marginBottom": 0,
      "width": 2.75,
      "height": 1,
      "marginRight": 1.25,
      "label": "RShift"
    },
    {
      "keyIndex": 82,
      "marginBottom": 0,
      "width": 1,
      "height": 1,
      "marginRight": 1.25,
      "label": "Up"
    },
    {
      "keyIndex": 89,
      "marginBottom": 0,
      "width": 1,
      "height": 1,
      "marginRight": 0,
      "label": "Pad 1"
    },
    {
      "keyIndex": 90,
      "marginBottom": 0,
      "width": 1,
      "height": 1,
      "marginRight": 0,
      "label": "Pad 2"
    },
    {
      "keyIndex": 91,
      "marginBottom": 0,
      "width": 1,
      "height": 1,
      "marginRight": 0,
      "label": "Pad 3"
    },
    {
      "keyIndex": 88,
      "marginBottom": 0,
      "width": 1,
      "height": 2,
      "marginRight": 0,
      "label": "Pad Enter"
    }
  ],
  [
    {
      "keyIndex": 103,
      "marginBottom": 0.25,
      "width": 1.25,
      "height": 1,
      "marginRight": 0,
      "label": "LCtrl"
    },
    {
      "keyIndex": 106,
      "marginBottom": 0,
      "width": 1.25,
      "height": 1,
      "marginRight": 0,
      "label": "LGui"
    },
    {
      "keyIndex": 105,
      "marginBottom": 0,
      "width": 1.25,
      "height": 1,
      "marginRight": 0,
      "label": "LAlt"
     },
    {
      "keyIndex": 141,
      "marginBottom": 0,
      "width": 1,
      "height": 1,
      "marginRight": 0,
      "label": "漢字"
   },
    {
      "keyIndex": 44,
      "marginBottom": 0,
      "width": 4.25,
      "height": 1,
      "marginRight": 0,
      "label": "Space"
    },
    {
      "keyIndex": 142,
      "marginBottom": 0,
      "width": 1,
      "height": 1,
      "marginRight": 0,
      "label": "han/eng"
    },
    {
      "keyIndex": 109,
      "marginBottom": 0,
      "width": 1.25,
      "height": 1,
      "marginRight": 0,
      "label": "RAlt"
    },
    {
      "keyIndex": 110,
      "marginBottom": 0,
      "width": 1.25,
      "height": 1,
      "marginRight": 0,
      "label": "RGui"
    },
    {
      "keyIndex": 101,
      "marginBottom": 0,
      "width": 1.25,
      "height": 1,
      "marginRight": 0,
      "label": "Apps"
    },
    {
      "keyIndex": 107,
      "marginBottom": 0,
      "width": 1.25,
      "height": 1,
      "marginRight": 0.25,
      "label": "RCtrl"
    },
    {
      "keyIndex": 80,
      "marginBottom": 0,
      "width": 1,
      "height": 1,
      "marginRight": 0,
      "label": "Left"
    },
    {
      "keyIndex": 81,
      "marginBottom": 0,
      "width": 1,
      "height": 1,
      "marginRight": 0,
      "label": "Down"
    },
    {
      "keyIndex": 79,
      "marginBottom": 0,
      "width": 1,
      "height": 1,
      "marginRight": 0.25,
      "label": "Right"
    },
    {
      "keyIndex": 98,
      "marginBottom": 0,
      "width": 2,
      "height": 1,
      "marginRight": 0,
      "label": "Pad 0"
    },
    {
      "keyIndex": 99,
      "marginBottom": 0,
      "width": 1,
      "height": 1,
      "marginRight": 0,
      "label": "Pad ."
    }
  ],
  [
    {
      "keyIndex": 254,
      "marginBottom": 0,
      "width": 1,
      "height": 1,
      "marginRight": 0,
      "label": "FN"
    },
    {
      "keyIndex": 248,
      "marginBottom": 0,
      "width": 1,
      "height": 1,
      "marginRight": 0,
      "label": "FN2"
    },
    {
      "keyIndex": 252,
      "marginBottom": 0,
      "width": 1,
      "height": 1,
      "marginRight": 0,
      "label": "toggle FN2"
    },
    {
      "keyIndex": 246,
      "marginBottom": 0,
      "width": 1,
      "height": 1,
      "marginRight": 0,
      "label": "FN3"
    },
    {
      "keyIndex": 247,
      "marginBottom": 0,
      "width": 1,
      "height": 1,
      "marginRight": 0,
      "label": "toggle FN3"
    },
    {
      "keyIndex": 251,
      "marginBottom": 0,
      "width": 1,
      "height": 1,
      "marginRight": 0.25,
      "label": "Nor"
    },
    {
      "keyIndex": 253,
      "marginBottom": 0,
      "width": 1,
      "height": 1,
      "marginRight": 0,
      "label": "LED mode"
    },
    {
      "keyIndex": 241,
      "marginBottom": 0,
      "width": 1,
      "height": 1,
      "marginRight": 0,
      "label": "RGB mode"
    },
    {
      "keyIndex": 250,
      "marginBottom": 0,
      "width": 1,
      "height": 1,
      "marginRight": 0,
      "label": "LED BR UP"
    },
    {
      "keyIndex": 249,
      "marginBottom": 0,
      "width": 1,
      "height": 1,
      "marginRight": 0.25,
      "label": "LED BR DN"
    },
    {
      "keyIndex": 245,
      "marginBottom": 0,
      "width": 1,
      "height": 1,
      "marginRight": 0.25,
      "label": "LED on/off"
    },
    {
      "keyIndex": 244,
      "marginBottom": 0,
      "width": 1,
      "height": 1,
      "marginRight": 0,
      "label": "LOCK KEY"
    },
    {
      "keyIndex": 243,
      "marginBottom": 0,
      "width": 1,
      "height": 1,
      "marginRight": 0.25,
      "label": "LOCK WIN"
    },
   
    {
      "keyIndex": 113,
      "marginBottom": 0,
      "width": 1,
      "height": 1,
      "marginRight": 0,
      "label": "power"
    },
    {
      "keyIndex": 114,
      "marginBottom": 0,
      "width": 1,
      "height": 1,
      "marginRight": 0,
      "label": "sleep"
    },
    {
      "keyIndex": 115,
      "marginBottom": 0,
      "width": 1,
      "height": 1,
      "marginRight": 0,
      "label": "wake"
    },
    {
      "keyIndex": 134,
      "marginBottom": 0,
      "width": 1,
      "height": 1,
      "marginRight": 0,
      "label": "scr save"
    },
    {
      "keyIndex": 135,
      "marginBottom": 0,
      "width": 1,
      "height": 1,
      "marginRight": 0,
      "label": "rec"
    },
    {
      "keyIndex": 136,
      "marginBottom": 0,
      "width": 1,
      "height": 1,
      "marginRight": 0,
      "label": "rewind"
    },
    {
      "keyIndex": 137,
      "marginBottom": 0,
      "width": 1,
      "height": 1,
      "marginRight": 0,
      "label": "minimize"
    },
    {
      "keyIndex": 138,
      "marginBottom": 0,
      "width": 1,
      "height": 1,
      "marginRight": 1.25,
      "label": "eject"
    },
    {
      "keyIndex": 242,
      "marginBottom": 0,
      "width": 1,
      "height": 1,
      "marginRight": 0,
      "label": "Qck Macro"
    }
  ],
  [
    {
      "keyIndex": 201,
      "marginBottom": 0,
      "width": 1,
      "height": 1,
      "marginRight": 0,
      "label": "Macro1"
    },
    {
      "keyIndex": 202,
      "marginBottom": 0,
      "width": 1,
      "height": 1,
      "marginRight": 0,
      "label": "Macro2"
    },
    {
      "keyIndex": 203,
      "marginBottom": 0,
      "width": 1,
      "height": 1,
      "marginRight": 0,
      "label": "Macro3"
    },
    {
      "keyIndex": 204,
      "marginBottom": 0,
      "width": 1,
      "height": 1,
      "marginRight": 0,
      "label": "Macro4"
    },
    {
      "keyIndex": 205,
      "marginBottom": 0,
      "width": 1,
      "height": 1,
      "marginRight": 0,
      "label": "Macro5"
    },
    {
      "keyIndex": 206,
      "marginBottom": 0,
      "width": 1,
      "height": 1,
      "marginRight": 0,
      "label": "Macro6"
    },
    {
      "keyIndex": 207,
      "marginBottom": 0,
      "width": 1,
      "height": 1,
      "marginRight": 0,
      "label": "Macro7"
    },
    {
      "keyIndex": 208,
      "marginBottom": 0,
      "width": 1,
      "height": 1,
      "marginRight": 0,
      "label": "Macro8"
    },
    {
      "keyIndex": 209,
      "marginBottom": 0,
      "width": 1,
      "height": 1,
      "marginRight": 0,
      "label": "Macro9"
    },
    {
      "keyIndex": 210,
      "marginBottom": 0,
      "width": 1,
      "height": 1,
      "marginRight": 0,
      "label": "Macro 10"
    },
    {
      "keyIndex": 211,
      "marginBottom": 0,
      "width": 1,
      "height": 1,
      "marginRight": 0,
      "label": "Macro 11"
    },
    {
      "keyIndex": 212,
      "marginBottom": 0,
      "width": 1,
      "height": 1,
      "marginRight": 0.25,
      "label": "Macro 12"
    },
    {
      "keyIndex": 189,
      "marginBottom": 0,
      "width": 1,
      "height": 1,
      "marginRight": 0,
      "label": "CST Mac1"
    },
    {
      "keyIndex": 190,
      "marginBottom": 0,
      "width": 1,
      "height": 1,
      "marginRight": 0,
      "label": "CST Mac2"
    },
    {
      "keyIndex": 191,
      "marginBottom": 0,
      "width": 1,
      "height": 1,
      "marginRight": 0,
      "label": "CST Mac3"
    },
    {
      "keyIndex": 192,
      "marginBottom": 0,
      "width": 1,
      "height": 1,
      "marginRight": 0,
      "label": "CST Mac4"
    },
    {
      "keyIndex": 193,
      "marginBottom": 0,
      "width": 1,
      "height": 1,
      "marginRight": 0,
      "label": "CST Mac5"
    },
    {
      "keyIndex": 194,
      "marginBottom": 0,
      "width": 1,
      "height": 1,
      "marginRight": 0,
      "label": "CST Mac6"
    },
    {
      "keyIndex": 195,
      "marginBottom": 0,
      "width": 1,
      "height": 1,
      "marginRight": 0,
      "label": "CST Mac7"
    },
    {
      "keyIndex": 196,
      "marginBottom": 0,
      "width": 1,
      "height": 1,
      "marginRight": 0,
      "label": "CST Mac8"
    },
    {
      "keyIndex": 197,
      "marginBottom": 0,
      "width": 1,
      "height": 1,
      "marginRight": 0,
      "label": "CST Mac9"
    },
    {
      "keyIndex": 198,
      "marginBottom": 0,
      "width": 1,
      "height": 1,
      "marginRight": 0,
      "label": "CST Mac10"
    },
    {
      "keyIndex": 199,
      "marginBottom": 0,
      "width": 1,
      "height": 1,
      "marginRight": 0,
      "label": "CST Mac11"
    },
    {
      "keyIndex": 200,
      "marginBottom": 0,
      "width": 1,
      "height": 1,
      "marginRight": 0,
      "label": "CST Mac12"
    }
  ],
  [
    {
      "keyIndex": 116,
      "marginBottom": 0,
      "width": 1,
      "height": 1,
      "marginRight": 0,
      "label": "Email"
    },
    {
      "keyIndex": 117,
      "marginBottom": 0,
      "width": 1,
      "height": 1,
      "marginRight": 0,
      "label": "WWW Search"
    },
    {
      "keyIndex": 118,
      "marginBottom": 0,
      "width": 1,
      "height": 1,
      "marginRight": 0,
      "label": "WWW Home"
    },
    {
      "keyIndex": 119,
      "marginBottom": 0,
      "width": 1,
      "height": 1,
      "marginRight": 0,
      "label": "WWW Back"
    },
    {
      "keyIndex": 120,
      "marginBottom": 0,
      "width": 1,
      "height": 1,
      "marginRight": 0,
      "label": "WWW Forw"
    },
    {
      "keyIndex": 121,
      "marginBottom": 0,
      "width": 1,
      "height": 1,
      "marginRight": 0,
      "label": "WWW Stop"
    },
    {
      "keyIndex": 122,
      "marginBottom": 0,
      "width": 1,
      "height": 1,
      "marginRight": 0,
      "label": "WWW refresh"
    },
    {
      "keyIndex": 123,
      "marginBottom": 0,
      "width": 1,
      "height": 1,
      "marginRight": 0.25,
      "label": "WWW fav"
    },
    {
      "keyIndex": 124,
      "marginBottom": 0,
      "width": 1,
      "height": 1,
      "marginRight": 0,
      "label": "Next trk"
    },
    {
      "keyIndex": 125,
      "marginBottom": 0,
      "width": 1,
      "height": 1,
      "marginRight": 0,
      "label": "Prev trk"
    },
    {
      "keyIndex": 126,
      "marginBottom": 0,
      "width": 1,
      "height": 1,
      "marginRight": 0,
      "label": "Stop"
    },
    {
      "keyIndex": 127,
      "marginBottom": 0,
      "width": 1,
      "height": 1,
      "marginRight": 0,
      "label": "play"
    },
    {
      "keyIndex": 128,
      "marginBottom": 0,
      "width": 1,
      "height": 1,
      "marginRight": 0,
      "label": "Mute"
    },
    {
      "keyIndex": 129,
      "marginBottom": 0,
      "width": 1,
      "height": 1,
      "marginRight": 0,
      "label": "Vol up"
    },
    {
      "keyIndex": 130,
      "marginBottom": 0,
      "width": 1,
      "height": 1,
      "marginRight": 0,
      "label": "vol dn"
    },
    {
      "keyIndex": 131,
      "marginBottom": 0,
      "width": 1,
      "height": 1,
      "marginRight": 0,
      "label": "media"
    },
    {
      "keyIndex": 132,
      "marginBottom": 0,
      "width": 1,
      "height": 1,
      "marginRight": 0,
      "label": "calc"
    },
    {
      "keyIndex": 133,
      "marginBottom": 0,
      "width": 1,
      "height": 1,
      "marginRight": 0,
      "label": "my com"
    }
  ],
  [
    {
      "keyIndex": 214,
      "marginBottom": 0,
      "width": 1,
      "height": 1,
      "marginRight": 0,
      "label": "FN hangle"
    },
    {
      "keyIndex": 215,
      "marginBottom": 0,
      "width": 1,
      "height": 1,
      "marginRight": 0,
      "label": "FN hanja"
    },
    {
      "keyIndex": 230,
      "marginBottom": 0,
      "width": 1,
      "height": 1,
      "marginRight": 0,
      "label": "FN CapsLock"
    },
    {
      "keyIndex": 216,
      "marginBottom": 0,
      "width": 1,
      "height": 1,
      "marginRight": 0,
      "label": "FN2 hangle"
    },
    {
      "keyIndex": 217,
      "marginBottom": 0,
      "width": 1,
      "height": 1,
      "marginRight": 0,
      "label": "FN2 hanja"
    },
    {
      "keyIndex": 231,
      "marginBottom": 0,
      "width": 1,
      "height": 1,
      "marginRight": 0,
      "label": "FN2 CapsLock"
    },
    {
      "keyIndex": 232,
      "marginBottom": 0,
      "width": 1,
      "height": 1,
      "marginRight": 0,
      "label": "FN3 hangle"
    },
    {
      "keyIndex": 233,
      "marginBottom": 0,
      "width": 1,
      "height": 1,
      "marginRight": 0,
      "label": "FN3 hanja"
    },
    {
      "keyIndex": 234,
      "marginBottom": 0,
      "width": 1,
      "height": 1,
      "marginRight": 0,
      "label": "FN3 CapsLock"
    },
    {
      "keyIndex": 218,
      "marginBottom": 0,
      "width": 1,
      "height": 1,
      "marginRight": 0,
      "label": "RShift hangle"
    },
    {
      "keyIndex": 219,
      "marginBottom": 0,
      "width": 1,
      "height": 1,
      "marginRight": 0,
      "label": "RShift hanja"
    },
    {
      "keyIndex": 220,
      "marginBottom": 0,
      "width": 1,
      "height": 1,
      "marginRight": 0,
      "label": "LShift hangle"
    },
    {
      "keyIndex": 221,
      "marginBottom": 0,
      "width": 1,
      "height": 1,
      "marginRight": 0,
      "label": "LShift hanja"
    },
    {
      "keyIndex": 222,
      "marginBottom": 0,
      "width": 1,
      "height": 1,
      "marginRight": 0,
      "label": "RAlt hangle"
    },
    {
      "keyIndex": 223,
      "marginBottom": 0,
      "width": 1,
      "height": 1,
      "marginRight": 0,
      "label": "RAlt hanja"
    },
    {
      "keyIndex": 224,
      "marginBottom": 0,
      "width": 1,
      "height": 1,
      "marginRight": 0,
      "label": "LAlt hangle"
    },
    {
      "keyIndex": 225,
      "marginBottom": 0,
      "width": 1,
      "height": 1,
      "marginRight": 0,
      "label": "LAlt hanja"
    },
    {
      "keyIndex": 226,
      "marginBottom": 0,
      "width": 1,
      "height": 1,
      "marginRight": 0,
      "label": "RCtrl hangle"
    },
    {
      "keyIndex": 227,
      "marginBottom": 0,
      "width": 1,
      "height": 1,
      "marginRight": 0,
      "label": "RCtrl hanja"
    },
    {
      "keyIndex": 228,
      "marginBottom": 0,
      "width": 1,
      "height": 1,
      "marginRight": 0,
      "label": "LCtrl hangle"
    },
    {
      "keyIndex": 229,
      "marginBottom": 0,
      "width": 1,
      "height": 1,
      "marginRight": 0,
      "label": "LCtrl hanja"
    },
    {
      "keyIndex": 235,
      "marginBottom": 0,
      "width": 1,
      "height": 1,
      "marginRight": 0,
      "label": "FN Apps"
    },
    {
      "keyIndex": 236,
      "marginBottom": 0,
      "width": 1,
      "height": 1,
      "marginRight": 0,
      "label": "FN2 Apps"
    },
    {
      "keyIndex": 237,
      "marginBottom": 0,
      "width": 1,
      "height": 1,
      "marginRight": 0,
      "label": "FN3 Apps"
    }
  ]
]