[
  [
    {
      "keyIndex": 41,
      "marginBottom": 0.25,
      "width": 1,
      "height": 1,
      "marginRight": 1,
      "label": "ESC"
    },
    {
      "keyIndex": 58,
      "marginBottom": 0.25,
      "width": 1,
      "height": 1,
      "marginRight": 0,
      "label": "F1"
    },
    {
      "keyIndex": 59,
      "marginBottom": 0.25,
      "width": 1,
      "height": 1,
      "marginRight": 0,
      "label": "F2"
    },
    {
      "keyIndex": 60,
      "marginBottom": 0.25,
      "width": 1,
      "height": 1,
      "marginRight": 0,
      "label": "F3"
    },
    {
      "keyIndex": 61,
      "marginBottom": 0.25,
      "width": 1,
      "height": 1,
      "marginRight": 0.5,
      "label": "F4"
    },
    {
      "keyIndex": 62,
      "marginBottom": 0.25,
      "width": 1,
      "height": 1,
      "marginRight": 0,
      "label": "F5"
    },
    {
      "keyIndex": 63,
      "marginBottom": 0.25,
      "width": 1,
      "height": 1,
      "marginRight": 0,
      "label": "F6"
    },
    {
      "keyIndex": 64,
      "marginBottom": 0.25,
      "width": 1,
      "height": 1,
      "marginRight": 0,
      "label": "F7"
    },
    {
      "keyIndex": 65,
      "marginBottom": 0.25,
      "width": 1,
      "height": 1,
      "marginRight": 0.5,
      "label": "F8"
    },
    {
      "keyIndex": 66,
      "marginBottom": 0.25,
      "width": 1,
      "height": 1,
      "marginRight": 0,
      "label": "F9"
    },
    {
      "keyIndex": 67,
      "marginBottom": 0.25,
      "width": 1,
      "height": 1,
      "marginRight": 0,
      "label": "F10"
    },
    {
      "keyIndex": 68,
      "marginBottom": 0.25,
      "width": 1,
      "height": 1,
      "marginRight": 0,
      "label": "F11"
    },
    {
      "keyIndex": 69,
      "marginBottom": 0.25,
      "width": 1,
      "height": 1,
      "marginRight": 0.25,
      "label": "F12"
    },
    {
      "keyIndex": 70,
      "marginBottom": 0.25,
      "width": 1,
      "height": 1,
      "marginRight": 0,
      "label": "PrtSc"
    },
    {
      "keyIndex": 71,
      "marginBottom": 0.25,
      "width": 1,
      "height": 1,
      "marginRight": 0,
      "label": "Scr\nLock"
    },
    {
      "keyIndex": 72,
      "marginBottom": 0.25,
      "width": 1,
      "height": 1,
      "marginRight": 3.25,
      "label": "Pause"
    }
  ],
  [
    {
      "keyIndex": 53,
      "marginBottom": 0,
      "width": 1,
      "height": 1,
      "marginRight": 0,
      "label": "~",
      "uppercase": "~",
      "lowercase": "`"
    },
    {
      "keyIndex": 30,
      "marginBottom": 0,
      "width": 1,
      "height": 1,
      "marginRight": 0,
      "label": "1",
      "uppercase": "!",
      "lowercase": "1"
    },
    {
      "keyIndex": 31,
      "marginBottom": 0,
      "width": 1,
      "height": 1,
      "marginRight": 0,
      "label": "2",
      "uppercase": "@",
      "lowercase": "2"
    },
    {
      "keyIndex": 32,
      "marginBottom": 0,
      "width": 1,
      "height": 1,
      "marginRight": 0,
      "label": "3",
      "uppercase": "#",
      "lowercase": "3"
    },
    {
      "keyIndex": 33,
      "marginBottom": 0,
      "width": 1,
      "height": 1,
      "marginRight": 0,
      "label": "4",
      "uppercase": "$",
      "lowercase": "4"
    },
    {
      "keyIndex": 34,
      "marginBottom": 0,
      "width": 1,
      "height": 1,
      "marginRight": 0,
      "label": "5",
      "uppercase": "%",
      "lowercase": "5"
    },
    {
      "keyIndex": 35,
      "marginBottom": 0,
      "width": 1,
      "height": 1,
      "marginRight": 0,
      "label": "6",
      "uppercase": "^",
      "lowercase": "6"
    },
    {
      "keyIndex": 36,
      "marginBottom": 0,
      "width": 1,
      "height": 1,
      "marginRight": 0,
      "label": "7",
      "uppercase": "&",
      "lowercase": "7"
    },
    {
      "keyIndex": 37,
      "marginBottom": 0,
      "width": 1,
      "height": 1,
      "marginRight": 0,
      "label": "8",
      "uppercase": "*",
      "lowercase": "8"
    },
    {
      "keyIndex": 38,
      "marginBottom": 0,
      "width": 1,
      "height": 1,
      "marginRight": 0,
      "label": "9",
      "uppercase": "(",
      "lowercase": "9"
    },
    {
      "keyIndex": 39,
      "marginBottom": 0,
      "width": 1,
      "height": 1,
      "marginRight": 0,
      "label": "0",
      "uppercase": ")",
      "lowercase": "0"
    },
    {
      "keyIndex": 45,
      "marginBottom": 0,
      "width": 1,
      "height": 1,
      "marginRight": 0,
      "label": "-",
      "uppercase": "_",
      "lowercase": "-"
    },
    {
      "keyIndex": 46,
      "marginBottom": 0,
      "width": 1,
      "height": 1,
      "marginRight": 0,
      "label": "+",
      "uppercase": "+",
      "lowercase": "="
    },
    {
      "keyIndex": 42,
      "marginBottom": 0,
      "width": 2,
      "height": 1,
      "marginRight": 0.25,
      "label": "BackSpc"
    },
    {
      "keyIndex": 73,
      "marginBottom": 0,
      "width": 1,
      "height": 1,
      "marginRight": 0,
      "label": "Insert"
    },
    {
      "keyIndex": 74,
      "marginBottom": 0,
      "width": 1,
      "height": 1,
      "marginRight": 0,
      "label": "Home"
    },
    {
      "keyIndex": 75,
      "marginBottom": 0,
      "width": 1,
      "height": 1,
      "marginRight": 0.25,
      "label": "PgUp"
    },
    {
      "keyIndex": 83,
      "marginBottom": 0,
      "width": 1,
      "height": 1,
      "marginRight": 0,
      "label": "Num Lock"
    },
    {
      "keyIndex": 84,
      "marginBottom": 0,
      "width": 1,
      "height": 1,
      "marginRight": 0,
      "label": "Pad /"
    },
    {
      "keyIndex": 85,
      "marginBottom": 0,
      "width": 1,
      "height": 1,
      "marginRight": 0,
      "label": "Pad *"
    },
    {
      "keyIndex": 86,
      "marginBottom": 0,
      "width": 1,
      "height": 1,
      "marginRight": 0,
      "label": "Pad -"
    }
  ],
  [
    {
      "keyIndex": 43,
      "marginBottom": 0,
      "width": 1.5,
      "height": 1,
      "marginRight": 0,
      "label": "Tab"
    },
    {
      "keyIndex": 20,
      "marginBottom": 0,
      "width": 1,
      "height": 1,
      "marginRight": 0,
      "label": "Q",
      "uppercase": "Q",
      "lowercase": "q"
    },
    {
      "keyIndex": 26,
      "marginBottom": 0,
      "width": 1,
      "height": 1,
      "marginRight": 0,
      "label": "W",
      "uppercase": "W",
      "lowercase": "w"
    },
    {
      "keyIndex": 8,
      "marginBottom": 0,
      "width": 1,
      "height": 1,
      "marginRight": 0,
      "label": "E",
      "uppercase": "E",
      "lowercase": "e"
    },
    {
      "keyIndex": 21,
      "marginBottom": 0,
      "width": 1,
      "height": 1,
      "marginRight": 0,
      "label": "R",
      "uppercase": "R",
      "lowercase": "r"
    },
    {
      "keyIndex": 23,
      "marginBottom": 0,
      "width": 1,
      "height": 1,
      "marginRight": 0,
      "label": "T",
      "uppercase": "T",
      "lowercase": "t"
    },
    {
      "keyIndex": 28,
      "marginBottom": 0,
      "width": 1,
      "height": 1,
      "marginRight": 0,
      "label": "Y",
      "uppercase": "Y",
      "lowercase": "y"
    },
    {
      "keyIndex": 24,
      "marginBottom": 0,
      "width": 1,
      "height": 1,
      "marginRight": 0,
      "label": "U",
      "uppercase": "U",
      "lowercase": "u"
    },
    {
      "keyIndex": 12,
      "marginBottom": 0,
      "width": 1,
      "height": 1,
      "marginRight": 0,
      "label": "I",
      "uppercase": "I",
      "lowercase": "i"
    },
    {
      "keyIndex": 18,
      "marginBottom": 0,
      "width": 1,
      "height": 1,
      "marginRight": 0,
      "label": "O",
      "uppercase": "O",
      "lowercase": "o"
    },
    {
      "keyIndex": 19,
      "marginBottom": 0,
      "width": 1,
      "height": 1,
      "marginRight": 0,
      "label": "P",
      "uppercase": "P",
      "lowercase": "p"
    },
    {
      "keyIndex": 47,
      "marginBottom": 0,
      "width": 1,
      "height": 1,
      "marginRight": 0,
      "label": "[",
      "uppercase": "{",
      "lowercase": "["
    },
    {
      "keyIndex": 48,
      "marginBottom": 0,
      "width": 1,
      "height": 1,
      "marginRight": 0,
      "label": "]",
      "uppercase": "}",
      "lowercase": "]"
    },
    {
      "keyIndex": 49,
      "marginBottom": 0,
      "width": 1.5,
      "height": 1,
      "marginRight": 0.25,
      "label": "\\",
      "uppercase": "|",
      "lowercase": "\\"
    },
    {
      "keyIndex": 76,
      "marginBottom": 0,
      "width": 1,
      "height": 1,
      "marginRight": 0,
      "label": "Del"
    },
    {
      "keyIndex": 77,
      "marginBottom": 0,
      "width": 1,
      "height": 1,
      "marginRight": 0,
      "label": "End"
    },
    {
      "keyIndex": 78,
      "marginBottom": 0,
      "width": 1,
      "height": 1,
      "marginRight": 0.25,
      "label": "PgDn"
    },
    {
      "keyIndex": 95,
      "marginBottom": 0,
      "width": 1,
      "height": 1,
      "marginRight": 0,
      "label": "Pad 7"
    },
    {
      "keyIndex": 96,
      "marginBottom": 0,
      "width": 1,
      "height": 1,
      "marginRight": 0,
      "label": "Pad 8"
    },
    {
      "keyIndex": 97,
      "marginBottom": 0,
      "width": 1,
      "height": 1,
      "marginRight": 0,
      "label": "Pad 9"
    },
    {
      "keyIndex": 87,
      "marginBottom": 0,
      "width": 1,
      "height": 2,
      "marginRight": 0,
      "label": "Pad +"
    }
  ],
  [
    {
      "keyIndex": 57,
      "marginBottom": 0,
      "width": 1.75,
      "height": 1,
      "marginRight": 0,
      "label": "CapsLock"
    },
    {
      "keyIndex": 4,
      "marginBottom": 0,
      "width": 1,
      "height": 1,
      "marginRight": 0,
      "label": "A",
      "uppercase": "A",
      "lowercase": "a"
    },
    {
      "keyIndex": 22,
      "marginBottom": 0,
      "width": 1,
      "height": 1,
      "marginRight": 0,
      "label": "S",
      "uppercase": "S",
      "lowercase": "s"
    },
    {
      "keyIndex": 7,
      "marginBottom": 0,
      "width": 1,
      "height": 1,
      "marginRight": 0,
      "label": "D",
      "uppercase": "D",
      "lowercase": "d"
    },
    {
      "keyIndex": 9,
      "marginBottom": 0,
      "width": 1,
      "height": 1,
      "marginRight": 0,
      "label": "F",
      "uppercase": "F",
      "lowercase": "f"
    },
    {
      "keyIndex": 10,
      "marginBottom": 0,
      "width": 1,
      "height": 1,
      "marginRight": 0,
      "label": "G",
      "uppercase": "G",
      "lowercase": "g"
    },
    {
      "keyIndex": 11,
      "marginBottom": 0,
      "width": 1,
      "height": 1,
      "marginRight": 0,
      "label": "H",
      "uppercase": "H",
      "lowercase": "h"
    },
    {
      "keyIndex": 13,
      "marginBottom": 0,
      "width": 1,
      "height": 1,
      "marginRight": 0,
      "label": "J",
      "uppercase": "J",
      "lowercase": "j"
    },
    {
      "keyIndex": 14,
      "marginBottom": 0,
      "width": 1,
      "height": 1,
      "marginRight": 0,
      "label": "K",
      "uppercase": "K",
      "lowercase": "k"
    },
    {
      "keyIndex": 15,
      "marginBottom": 0,
      "width": 1,
      "height": 1,
      "marginRight": 0,
      "label": "L",
      "uppercase": "L",
      "lowercase": "l"
    },
    {
      "keyIndex": 51,
      "marginBottom": 0,
      "width": 1,
      "height": 1,
      "marginRight": 0,
      "label": ";",
      "uppercase": ":",
      "lowercase": ";"
    },
    {
      "keyIndex": 52,
      "marginBottom": 0,
      "width": 1,
      "height": 1,
      "marginRight": 0,
      "label": "'",
      "uppercase": "\"",
      "lowercase": "'"
    },
    {
      "keyIndex": 50,
      "marginBottom": 0,
      "width": 1,
      "height": 1,
      "marginRight": 0,
      "label": "Europe1"
    },
    {
      "keyIndex": 40,
      "marginBottom": 0,
      "width": 1.25,
      "height": 1,
      "marginRight": 3.5,
      "label": "Enter"
    },
    {
      "keyIndex": 92,
      "marginBottom": 0,
      "width": 1,
      "height": 1,
      "marginRight": 0,
      "label": "Pad 4"
    },
    {
      "keyIndex": 93,
      "marginBottom": 0,
      "width": 1,
      "height": 1,
      "marginRight": 0,
      "label": "Pad 5"
    },
    {
      "keyIndex": 94,
      "marginBottom": 0,
      "width": 1,
      "height": 1,
      "marginRight": 0,
      "label": "Pad 6"
    }
  ],
  [
    {
      "keyIndex": 104,
      "marginBottom": 0,
      "width": 1.25,
      "height": 1,
      "marginRight": 0,
      "label": "LShift"
    },
    {
      "keyIndex": 100,
      "marginBottom": 0,
      "width": 1,
      "height": 1,
      "marginRight": 0,
      "label": "Europe2"
    },
    {
      "keyIndex": 29,
      "marginBottom": 0,
      "width": 1,
      "height": 1,
      "marginRight": 0,
      "label": "Z",
      "uppercase": "Z",
      "lowercase": "z"
    },
    {
      "keyIndex": 27,
      "marginBottom": 0,
      "width": 1,
      "height": 1,
      "marginRight": 0,
      "label": "X",
      "uppercase": "X",
      "lowercase": "x"
    },
    {
      "keyIndex": 6,
      "marginBottom": 0,
      "width": 1,
      "height": 1,
      "marginRight": 0,
      "label": "C",
      "uppercase": "C",
      "lowercase": "c"
    },
    {
      "keyIndex": 25,
      "marginBottom": 0,
      "width": 1,
      "height": 1,
      "marginRight": 0,
      "label": "V",
      "uppercase": "V",
      "lowercase": "v"
    },
    {
      "keyIndex": 5,
      "marginBottom": 0,
      "width": 1,
      "height": 1,
      "marginRight": 0,
      "label": "B",
      "uppercase": "B",
      "lowercase": "b"
    },
    {
      "keyIndex": 17,
      "marginBottom": 0,
      "width": 1,
      "height": 1,
      "marginRight": 0,
      "label": "N",
      "uppercase": "N",
      "lowercase": "n"
    },
    {
      "keyIndex": 16,
      "marginBottom": 0,
      "width": 1,
      "height": 1,
      "marginRight": 0,
      "label": "M",
      "uppercase": "M",
      "lowercase": "m"
    },
    {
      "keyIndex": 54,
      "marginBottom": 0,
      "width": 1,
      "height": 1,
      "marginRight": 0,
      "label": ",",
      "uppercase": "<",
      "lowercase": ","
    },
    {
      "keyIndex": 55,
      "marginBottom": 0,
      "width": 1,
      "height": 1,
      "marginRight": 0,
      "label": ".",
      "uppercase": ">",
      "lowercase": "."
    },
    {
      "keyIndex": 56,
      "marginBottom": 0,
      "width": 1,
      "height": 1,
      "marginRight": 0,
      "label": "/",
      "uppercase": "?",
      "lowercase": "/"
    },
    {
      "keyIndex": 108,
      "marginBottom": 0,
      "width": 2.75,
      "height": 1,
      "marginRight": 1.25,
      "label": "RShift"
    },
    {
      "keyIndex": 82,
      "marginBottom": 0,
      "width": 1,
      "height": 1,
      "marginRight": 1.25,
      "label": "Up"
    },
    {
      "keyIndex": 89,
      "marginBottom": 0,
      "width": 1,
      "height": 1,
      "marginRight": 0,
      "label": "Pad 1"
    },
    {
      "keyIndex": 90,
      "marginBottom": 0,
      "width": 1,
      "height": 1,
      "marginRight": 0,
      "label": "Pad 2"
    },
    {
      "keyIndex": 91,
      "marginBottom": 0,
      "width": 1,
      "height": 1,
      "marginRight": 0,
      "label": "Pad 3"
    },
    {
      "keyIndex": 88,
      "marginBottom": 0,
      "width": 1,
      "height": 2,
      "marginRight": 0,
      "label": "Pad Enter"
    }
  ],
  [
    {
      "keyIndex": 103,
      "marginBottom": 0.25,
      "width": 1.25,
      "height": 1,
      "marginRight": 0,
      "label": "LCtrl"
    },
    {
      "keyIndex": 106,
      "marginBottom": 0,
      "width": 1.25,
      "height": 1,
      "marginRight": 0,
      "label": "LGui"
    },
    {
      "keyIndex": 105,
      "marginBottom": 0,
      "width": 1.25,
      "height": 1,
      "marginRight": 0,
      "label": "LAlt"
     },
    {
      "keyIndex": 141,
      "marginBottom": 0,
      "width": 1,
      "height": 1,
      "marginRight": 0,
      "label": "hanja"
   },
    {
      "keyIndex": 44,
      "marginBottom": 0,
      "width": 4.25,
      "height": 1,
      "marginRight": 0,
      "label": "Space",
      "uppercase": " ",
      "lowercase": " "
    },
    {
      "keyIndex": 142,
      "marginBottom": 0,
      "width": 1,
      "height": 1,
      "marginRight": 0,
      "label": "hangle"
    },
    {
      "keyIndex": 109,
      "marginBottom": 0,
      "width": 1.25,
      "height": 1,
      "marginRight": 0,
      "label": "RAlt"
    },
    {
      "keyIndex": 110,
      "marginBottom": 0,
      "width": 1.25,
      "height": 1,
      "marginRight": 0,
      "label": "RGui"
    },
    {
      "keyIndex": 101,
      "marginBottom": 0,
      "width": 1.25,
      "height": 1,
      "marginRight": 0,
      "label": "Apps"
    },
    {
      "keyIndex": 107,
      "marginBottom": 0,
      "width": 1.25,
      "height": 1,
      "marginRight": 0.25,
      "label": "RCtrl"
    },
    {
      "keyIndex": 80,
      "marginBottom": 0,
      "width": 1,
      "height": 1,
      "marginRight": 0,
      "label": "Left"
    },
    {
      "keyIndex": 81,
      "marginBottom": 0,
      "width": 1,
      "height": 1,
      "marginRight": 0,
      "label": "Down"
    },
    {
      "keyIndex": 79,
      "marginBottom": 0,
      "width": 1,
      "height": 1,
      "marginRight": 0.25,
      "label": "Right"
    },
    {
      "keyIndex": 98,
      "marginBottom": 0,
      "width": 2,
      "height": 1,
      "marginRight": 0,
      "label": "Pad 0"
    },
    {
      "keyIndex": 99,
      "marginBottom": 0,
      "width": 1,
      "height": 1,
      "marginRight": 0,
      "label": "Pad ."
    }
  ],
  [    
    {
      "keyIndex": 124,
      "marginBottom": 0,
      "width": 1,
      "height": 1,
      "marginRight": 0,
      "label": "Next trk"
    },
    {
      "keyIndex": 125,
      "marginBottom": 0,
      "width": 1,
      "height": 1,
      "marginRight": 0,
      "label": "Prev trk"
    },
    {
      "keyIndex": 126,
      "marginBottom": 0,
      "width": 1,
      "height": 1,
      "marginRight": 0,
      "label": "Stop"
    },
    {
      "keyIndex": 127,
      "marginBottom": 0,
      "width": 1,
      "height": 1,
      "marginRight": 0,
      "label": "play"
    },
    {
      "keyIndex": 128,
      "marginBottom": 0,
      "width": 1,
      "height": 1,
      "marginRight": 0,
      "label": "Mute"
    },
    {
      "keyIndex": 129,
      "marginBottom": 0,
      "width": 1,
      "height": 1,
      "marginRight": 0,
      "label": "Vol up"
    },
    {
      "keyIndex": 130,
      "marginBottom": 0,
      "width": 1,
      "height": 1,
      "marginRight": 0.5,
      "label": "vol dn"
    },
    {
      "keyIndex": 189,
      "marginBottom": 0,
      "width": 1,
      "height": 1,
      "marginRight": 0,
      "label": "CST Mac1"
    },
    {
      "keyIndex": 190,
      "marginBottom": 0,
      "width": 1,
      "height": 1,
      "marginRight": 0,
      "label": "CST Mac2"
    },
    {
      "keyIndex": 191,
      "marginBottom": 0,
      "width": 1,
      "height": 1,
      "marginRight": 0,
      "label": "CST Mac3"
    },
    {
      "keyIndex": 192,
      "marginBottom": 0,
      "width": 1,
      "height": 1,
      "marginRight": 0,
      "label": "CST Mac4"
    },
    {
      "keyIndex": 193,
      "marginBottom": 0,
      "width": 1,
      "height": 1,
      "marginRight": 0,
      "label": "CST Mac5"
    },
    {
      "keyIndex": 194,
      "marginBottom": 0,
      "width": 1,
      "height": 1,
      "marginRight": 0,
      "label": "CST Mac6"
    },
    {
      "keyIndex": 195,
      "marginBottom": 0,
      "width": 1,
      "height": 1,
      "marginRight": 0,
      "label": "CST Mac7"
    },
    {
      "keyIndex": 196,
      "marginBottom": 0,
      "width": 1,
      "height": 1,
      "marginRight": 0,
      "label": "CST Mac8"
    },
    {
      "keyIndex": 197,
      "marginBottom": 0,
      "width": 1,
      "height": 1,
      "marginRight": 0,
      "label": "CST Mac9"
    },
    {
      "keyIndex": 198,
      "marginBottom": 0,
      "width": 1,
      "height": 1,
      "marginRight": 0,
      "label": "CST Mac10"
    },
    {
      "keyIndex": 199,
      "marginBottom": 0,
      "width": 1,
      "height": 1,
      "marginRight": 0,
      "label": "CST Mac11"
    },
    {
      "keyIndex": 200,
      "marginBottom": 0,
      "width": 1,
      "height": 1,
      "marginRight": 0,
      "label": "CST Mac12"
    }
  ]
]
 