[[[{"label":"LCtrl","index":103},{"label":"LShift","index":104},{"label":"CapsLock","index":57},{"label":"Tab","index":43},{"label":"` ~","index":53},{"label":"ESC","index":41},{"label":"F5","index":62},{"label":"F8","index":65}],[{"label":"LGui","index":106},{"label":"Z","index":29},{"label":"A","index":4},{"label":"Q","index":20},{"label":"1 !","index":30},{"label":"","index":0},{"label":"6 ^","index":35},{"label":"9 (","index":38}],[{"label":"LAlt","index":105},{"label":"X","index":27},{"label":"S","index":22},{"label":"W","index":26},{"label":"2 @","index":31},{"label":"F1","index":58},{"label":"Y","index":28},{"label":"O","index":18}],[{"label":"Europe2","index":100},{"label":"C","index":6},{"label":"D","index":7},{"label":"E","index":8},{"label":"3 #","index":32},{"label":"F2","index":59},{"label":"H","index":11},{"label":"L","index":15}],[{"label":"1 !","color":13421772,"index":30},{"label":"V","index":25},{"label":"F","index":9},{"label":"R","index":21},{"label":"4 $","index":33},{"label":"F3","index":60},{"label":"N","index":17},{"label":". >","index":55}],[{"label":"2 @","color":13421772,"index":31},{"label":"B","index":5},{"label":"G","index":10},{"label":"T","index":23},{"label":"5 %","index":34},{"label":"F4","index":61},{"label":"Space","index":44},{"label":"RAlt","index":109}],[{"label":"Pad 0","index":98},{"label":"Pad 1","index":89},{"label":"Pad 4","index":92},{"label":"Pad 7","index":95},{"label":"Num Lock","index":83},{"label":"","color":13421772,"index":0},{"label":"Left","index":80},{"label":"Del","index":76}],[{"label":"","index":0},{"label":"Pad 2","index":90},{"label":"Pad 5","index":93},{"label":"Pad 8","index":96},{"label":"Pad /","index":84},{"label":"","color":13421772,"index":0},{"label":"Down","index":81},{"label":"End","index":77}],[{"label":"Pad .","index":99},{"label":"Pad 3","index":91},{"label":"Pad 6","index":94},{"label":"Pad 9","index":97},{"label":"Pad *","index":85},{"label":"","color":13421772,"index":0},{"label":"Up","index":82},{"label":"PgDn","index":78}],[{"label":"Pad Enter","index":88},{"label":"","index":0},{"label":"Pad +","index":87},{"label":"","index":0},{"label":"Pad -","index":86},{"label":"","color":13421772,"index":0},{"label":"Right","index":79},{"label":"PgUp","index":75}],[{"label":"","color":13421772,"index":0},{"label":"/ ?","index":56},{"label":": ;","index":51},{"label":"P","index":19},{"label":"0 )","index":39},{"label":"","index":0},{"label":"F6","index":63},{"label":"F7","index":64}],[{"label":"","color":13421772,"index":0},{"label":"RShift","index":108},{"label":"\" '","index":52},{"label":"[ {","index":47},{"label":"- _","index":45},{"label":"F9","index":66},{"label":"7 &","index":36},{"label":"8 *","index":37}],[{"label":"Down","color":13421772,"index":81},{"label":"FN","index":254},{"label":"Europe1","index":50},{"label":"] }","index":48},{"label":"= +","index":46},{"label":"F10","index":67},{"label":"U","index":24},{"label":"I","index":12}],[{"label":"3 #","color":13421772,"index":32},{"label":"5 %","color":13421772,"index":34},{"label":"Enter","index":40},{"label":"\\ |","index":49},{"label":"` ~","index":53},{"label":"F11","index":68},{"label":"J","index":13},{"label":"K","index":14}],[{"label":"4 $","color":13421772,"index":33},{"label":"6 ^","color":13421772,"index":35},{"label":"Pause","index":72},{"label":"PrtSc","color":13421772,"index":70},{"label":"BackSpc","index":42},{"label":"F12","index":69},{"label":"M","index":16},{"label":", <","index":54}]],[[{"label":"LCtrl","index":103},{"label":"LShift","index":104},{"label":"LED mode","index":253},{"label":"Tab","index":43},{"label":"` ~","index":53},{"label":"ESC","index":41},{"label":"F5","index":62},{"label":"F8","index":65}],[{"label":"LGui","index":106},{"label":"Z","index":29},{"label":"A","index":4},{"label":"Q","index":20},{"label":"1 !","index":30},{"label":"","index":0},{"label":"6 ^","index":35},{"label":"9 (","index":38}],[{"label":"LAlt","index":105},{"label":"X","index":27},{"label":"S","index":22},{"label":"W","index":26},{"label":"2 @","index":31},{"label":"F1","index":58},{"label":"Y","index":28},{"label":"O","index":18}],[{"label":"Europe2","index":100},{"label":"C","index":6},{"label":"D","index":7},{"label":"E","index":8},{"label":"3 #","index":32},{"label":"F2","index":59},{"label":"H","index":11},{"label":"L","index":15}],[{"label":"","index":0},{"label":"V","index":25},{"label":"F","index":9},{"label":"R","index":21},{"label":"4 $","index":33},{"label":"F3","index":60},{"label":"N","index":17},{"label":". >","index":55}],[{"label":"","index":0},{"label":"B","index":5},{"label":"G","index":10},{"label":"T","index":23},{"label":"5 %","index":34},{"label":"F4","index":61},{"label":"Space","index":44},{"label":"RAlt","index":109}],[{"label":"Pad 0","index":98},{"label":"Pad 1","index":89},{"label":"Pad 4","index":92},{"label":"Pad 7","index":95},{"label":"Num Lock","index":83},{"label":"CST Mac1","index":189},{"label":"Left","index":80},{"label":"Del","index":76}],[{"label":"","index":0},{"label":"Pad 2","index":90},{"label":"Pad 5","index":93},{"label":"Pad 8","index":96},{"label":"Pad /","index":84},{"label":"CST Mac2","index":190},{"label":"Down","index":81},{"label":"End","index":77}],[{"label":"Pad .","index":99},{"label":"Pad 3","index":91},{"label":"Pad 6","index":94},{"label":"Pad 9","index":97},{"label":"Pad *","index":85},{"label":"CST Mac3","index":191},{"label":"Up","index":82},{"label":"PgDn","index":78}],[{"label":"Pad Enter","index":88},{"label":"","index":0},{"label":"Pad +","index":87},{"label":"","index":0},{"label":"Pad -","index":86},{"label":"CST Mac4","index":192},{"label":"Right","index":79},{"label":"PgUp","index":75}],[{"label":"Apps","index":101},{"label":"/ ?","index":56},{"label":": ;","index":51},{"label":"P","index":19},{"label":"0 )","index":39},{"label":"","index":0},{"label":"F6","index":63},{"label":"F7","index":64}],[{"label":"FN","index":254},{"label":"RShift","index":108},{"label":"\" '","index":52},{"label":"[ {","index":47},{"label":"LED BR DN","index":249},{"label":"F9","index":66},{"label":"7 &","index":36},{"label":"8 *","index":37}],[{"label":"RCtrl","index":107},{"label":"FN","index":254},{"label":"Europe1","index":50},{"label":"] }","index":48},{"label":"LED BR UP","index":250},{"label":"F10","index":67},{"label":"U","index":24},{"label":"I","index":12}],[{"label":"Insert","index":73},{"label":"PrtSc","index":70},{"label":"Enter","index":40},{"label":"\\ |","index":49},{"label":"` ~","index":53},{"label":"F11","index":68},{"label":"J","index":13},{"label":"K","index":14}],[{"label":"Home","index":74},{"label":"LED on/off","index":245},{"label":"Num Lock","index":83},{"label":"","index":0},{"label":"BackSpc","index":42},{"label":"F12","index":69},{"label":"M","index":16},{"label":", <","index":54}]],[[{"label":"LCtrl","index":103},{"label":"LShift","index":104},{"label":"CapsLock","index":57},{"label":"Tab","index":43},{"label":"` ~","index":53},{"label":"ESC","index":41},{"label":"F5","index":62},{"label":"F8","index":65}],[{"label":"LGui","index":106},{"label":"Z","index":29},{"label":"A","index":4},{"label":"Q","index":20},{"label":"1 !","index":30},{"label":"","index":0},{"label":"6 ^","index":35},{"label":"9 (","index":38}],[{"label":"LAlt","index":105},{"label":"X","index":27},{"label":"S","index":22},{"label":"W","index":26},{"label":"2 @","index":31},{"label":"F1","index":58},{"label":"Y","index":28},{"label":"O","index":18}],[{"label":"Europe2","index":100},{"label":"C","index":6},{"label":"D","index":7},{"label":"E","index":8},{"label":"3 #","index":32},{"label":"F2","index":59},{"label":"H","index":11},{"label":"L","index":15}],[{"label":"","index":0},{"label":"V","index":25},{"label":"F","index":9},{"label":"R","index":21},{"label":"4 $","index":33},{"label":"F3","index":60},{"label":"N","index":17},{"label":". >","index":55}],[{"label":"","index":0},{"label":"B","index":5},{"label":"G","index":10},{"label":"T","index":23},{"label":"5 %","index":34},{"label":"F4","index":61},{"label":"Space","index":44},{"label":"RAlt","index":109}],[{"label":"Pad 0","index":98},{"label":"Pad 1","index":89},{"label":"Pad 4","index":92},{"label":"Pad 7","index":95},{"label":"Num Lock","index":83},{"label":"CST Mac1","index":189},{"label":"Left","index":80},{"label":"Del","index":76}],[{"label":"","index":0},{"label":"Pad 2","index":90},{"label":"Pad 5","index":93},{"label":"Pad 8","index":96},{"label":"Pad /","index":84},{"label":"CST Mac2","index":190},{"label":"Down","index":81},{"label":"End","index":77}],[{"label":"Pad .","index":99},{"label":"Pad 3","index":91},{"label":"Pad 6","index":94},{"label":"Pad 9","index":97},{"label":"Pad *","index":85},{"label":"CST Mac3","index":191},{"label":"Up","index":82},{"label":"PgDn","index":78}],[{"label":"Pad Enter","index":88},{"label":"","index":0},{"label":"Pad +","index":87},{"label":"","index":0},{"label":"Pad -","index":86},{"label":"CST Mac4","index":192},{"label":"Right","index":79},{"label":"PgUp","index":75}],[{"label":"Apps","index":101},{"label":"/ ?","index":56},{"label":": ;","index":51},{"label":"P","index":19},{"label":"0 )","index":39},{"label":"","index":0},{"label":"F6","index":63},{"label":"F7","index":64}],[{"label":"FN","index":254},{"label":"RShift","index":108},{"label":"\" '","index":52},{"label":"[ {","index":47},{"label":"- _","index":45},{"label":"F9","index":66},{"label":"7 &","index":36},{"label":"8 *","index":37}],[{"label":"RCtrl","index":107},{"label":"FN","index":254},{"label":"Europe1","index":50},{"label":"] }","index":48},{"label":"= +","index":46},{"label":"F10","index":67},{"label":"U","index":24},{"label":"I","index":12}],[{"label":"Insert","index":73},{"label":"PrtSc","index":70},{"label":"Enter","index":40},{"label":"\\ |","index":49},{"label":"` ~","index":53},{"label":"F11","index":68},{"label":"J","index":13},{"label":"K","index":14}],[{"label":"Home","index":74},{"label":"Scr Lock","index":71},{"label":"Pause","index":72},{"label":"","index":0},{"label":"BackSpc","index":42},{"label":"F12","index":69},{"label":"M","index":16},{"label":", <","index":54}]],[[{"label":"LCtrl","index":103},{"label":"LShift","index":104},{"label":"CapsLock","index":57},{"label":"Tab","index":43},{"label":"` ~","index":53},{"label":"ESC","index":41},{"label":"F5","index":62},{"label":"F8","index":65}],[{"label":"LGui","index":106},{"label":"Z","index":29},{"label":"A","index":4},{"label":"Q","index":20},{"label":"1 !","index":30},{"label":"","index":0},{"label":"6 ^","index":35},{"label":"9 (","index":38}],[{"label":"LAlt","index":105},{"label":"X","index":27},{"label":"S","index":22},{"label":"W","index":26},{"label":"2 @","index":31},{"label":"F1","index":58},{"label":"Y","index":28},{"label":"O","index":18}],[{"label":"Europe2","index":100},{"label":"C","index":6},{"label":"D","index":7},{"label":"E","index":8},{"label":"3 #","index":32},{"label":"F2","index":59},{"label":"H","index":11},{"label":"L","index":15}],[{"label":"","index":0},{"label":"V","index":25},{"label":"F","index":9},{"label":"R","index":21},{"label":"4 $","index":33},{"label":"F3","index":60},{"label":"N","index":17},{"label":". >","index":55}],[{"label":"","index":0},{"label":"B","index":5},{"label":"G","index":10},{"label":"T","index":23},{"label":"5 %","index":34},{"label":"F4","index":61},{"label":"Space","index":44},{"label":"RAlt","index":109}],[{"label":"Pad 0","index":98},{"label":"Pad 1","index":89},{"label":"Pad 4","index":92},{"label":"Pad 7","index":95},{"label":"Num Lock","index":83},{"label":"CST Mac1","index":189},{"label":"Left","index":80},{"label":"Del","index":76}],[{"label":"","index":0},{"label":"Pad 2","index":90},{"label":"Pad 5","index":93},{"label":"Pad 8","index":96},{"label":"Pad /","index":84},{"label":"CST Mac2","index":190},{"label":"Down","index":81},{"label":"End","index":77}],[{"label":"Pad .","index":99},{"label":"Pad 3","index":91},{"label":"Pad 6","index":94},{"label":"Pad 9","index":97},{"label":"Pad *","index":85},{"label":"CST Mac3","index":191},{"label":"Up","index":82},{"label":"PgDn","index":78}],[{"label":"Pad Enter","index":88},{"label":"","index":0},{"label":"Pad +","index":87},{"label":"","index":0},{"label":"Pad -","index":86},{"label":"CST Mac4","index":192},{"label":"Right","index":79},{"label":"PgUp","index":75}],[{"label":"Apps","index":101},{"label":"/ ?","index":56},{"label":": ;","index":51},{"label":"P","index":19},{"label":"0 )","index":39},{"label":"","index":0},{"label":"F6","index":63},{"label":"F7","index":64}],[{"label":"FN","index":254},{"label":"RShift","index":108},{"label":"\" '","index":52},{"label":"[ {","index":47},{"label":"- _","index":45},{"label":"F9","index":66},{"label":"7 &","index":36},{"label":"8 *","index":37}],[{"label":"RCtrl","index":107},{"label":"FN","index":254},{"label":"Europe1","index":50},{"label":"] }","index":48},{"label":"= +","index":46},{"label":"F10","index":67},{"label":"U","index":24},{"label":"I","index":12}],[{"label":"Insert","index":73},{"label":"PrtSc","index":70},{"label":"Enter","index":40},{"label":"\\ |","index":49},{"label":"` ~","index":53},{"label":"F11","index":68},{"label":"J","index":13},{"label":"K","index":14}],[{"label":"Home","index":74},{"label":"Scr Lock","index":71},{"label":"Pause","index":72},{"label":"","index":0},{"label":"BackSpc","index":42},{"label":"F12","index":69},{"label":"M","index":16},{"label":", <","index":54}]]]