[[[{"label":"","index":0},{"label":"","index":0},{"label":"","index":0},{"label":"","index":0},{"label":"","index":0},{"label":"","index":0},{"label":"","index":0},{"label":"","index":0}],[{"label":"","index":0},{"label":"","index":0},{"label":"","index":0},{"label":"","index":0},{"label":"","index":0},{"label":"","index":0},{"label":"","index":0},{"label":"","index":0}],[{"label":"","index":0},{"label":"","index":0},{"label":"","index":0},{"label":"","index":0},{"label":"","index":0},{"label":"","index":0},{"label":"","index":0},{"label":"","index":0}],[{"label":"","index":0},{"label":"","index":0},{"label":"","index":0},{"label":"","index":0},{"label":"","index":0},{"label":"","index":0},{"label":"","index":0},{"label":"","index":0}],[{"label":"","index":0},{"label":"","index":0},{"label":"","index":0},{"label":"","index":0},{"label":"","index":0},{"label":"","index":0},{"label":"","index":0},{"label":"","index":0}],[{"label":"","index":0},{"label":"","index":0},{"label":"","index":0},{"label":"","index":0},{"label":"","index":0},{"label":"","index":0},{"label":"","index":0},{"label":"","index":0}],[{"label":"Pad /","index":84},{"label":"Pad Enter","index":88},{"label":"BackSpc","index":42},{"label":"Pad +","index":87},{"label":"Num Lock","index":83},{"label":"","index":0},{"label":"","index":0},{"label":"","index":0}],[{"label":"Pad *","index":85},{"label":"Pad .","index":99},{"label":"Pad 3","index":91},{"label":"Pad 6","index":94},{"label":"Pad 9","index":97},{"label":"","index":0},{"label":"","index":0},{"label":"","index":0}],[{"label":"Pad -","index":86},{"label":"FN","index":254},{"label":"Pad 2","index":90},{"label":"Pad 5","index":93},{"label":"Pad 8","index":96},{"label":"","index":0},{"label":"","index":0},{"label":"","index":0}],[{"label":"Pad +","index":87},{"label":"Pad 0","index":98},{"label":"Pad 1","index":89},{"label":"Pad 4","index":92},{"label":"Pad 7","index":95},{"label":"","index":0},{"label":"","index":0},{"label":"","index":0}],[{"label":"","index":0},{"label":"","index":0},{"label":"","index":0},{"label":"","index":0},{"label":"","index":0},{"label":"","index":0},{"label":"","index":0},{"label":"","index":0}],[{"label":"","index":0},{"label":"","index":0},{"label":"","index":0},{"label":"","index":0},{"label":"","index":0},{"label":"","index":0},{"label":"","index":0},{"label":"","index":0}],[{"label":"","index":0},{"label":"","index":0},{"label":"","index":0},{"label":"","index":0},{"label":"","index":0},{"label":"","index":0},{"label":"","index":0},{"label":"","index":0}],[{"label":"","index":0},{"label":"","index":0},{"label":"","index":0},{"label":"","index":0},{"label":"","index":0},{"label":"","index":0},{"label":"","index":0},{"label":"","index":0}],[{"label":"","index":0},{"label":"","index":0},{"label":"","index":0},{"label":"","index":0},{"label":"","index":0},{"label":"","index":0},{"label":"","index":0},{"label":"","index":0}]],[[{"label":"","index":0},{"label":"","index":0},{"label":"","index":0},{"label":"","index":0},{"label":"","index":0},{"label":"","index":0},{"label":"","index":0},{"label":"","index":0}],[{"label":"","index":0},{"label":"","index":0},{"label":"","index":0},{"label":"","index":0},{"label":"","index":0},{"label":"","index":0},{"label":"","index":0},{"label":"","index":0}],[{"label":"","index":0},{"label":"","index":0},{"label":"","index":0},{"label":"","index":0},{"label":"","index":0},{"label":"","index":0},{"label":"","index":0},{"label":"","index":0}],[{"label":"","index":0},{"label":"","index":0},{"label":"","index":0},{"label":"","index":0},{"label":"","index":0},{"label":"","index":0},{"label":"","index":0},{"label":"","index":0}],[{"label":"","index":0},{"label":"","index":0},{"label":"","index":0},{"label":"","index":0},{"label":"","index":0},{"label":"","index":0},{"label":"","index":0},{"label":"","index":0}],[{"label":"","index":0},{"label":"","index":0},{"label":"","index":0},{"label":"","index":0},{"label":"","index":0},{"label":"","index":0},{"label":"","index":0},{"label":"","index":0}],[{"label":"RGB mode","index":241},{"label":"","index":0},{"label":"Del","index":76},{"label":"toggle FN3","index":247},{"label":"toggle FN2","index":252},{"label":"","index":0},{"label":"","index":0},{"label":"","index":0}],[{"label":"LED BR DN","index":249},{"label":"","index":0},{"label":"","index":0},{"label":"","index":0},{"label":"","index":0},{"label":"","index":0},{"label":"","index":0},{"label":"","index":0}],[{"label":"LED mode","index":253},{"label":"FN","index":254},{"label":"","index":0},{"label":"","index":0},{"label":"","index":0},{"label":"","index":0},{"label":"","index":0},{"label":"","index":0}],[{"label":"LED BR UP","index":250},{"label":"","index":0},{"label":"","index":0},{"label":"","index":0},{"label":"","index":0},{"label":"","index":0},{"label":"","index":0},{"label":"","index":0}],[{"label":"","index":0},{"label":"","index":0},{"label":"","index":0},{"label":"","index":0},{"label":"","index":0},{"label":"","index":0},{"label":"","index":0},{"label":"","index":0}],[{"label":"","index":0},{"label":"","index":0},{"label":"","index":0},{"label":"","index":0},{"label":"","index":0},{"label":"","index":0},{"label":"","index":0},{"label":"","index":0}],[{"label":"","index":0},{"label":"","index":0},{"label":"","index":0},{"label":"","index":0},{"label":"","index":0},{"label":"","index":0},{"label":"","index":0},{"label":"","index":0}],[{"label":"","index":0},{"label":"","index":0},{"label":"","index":0},{"label":"","index":0},{"label":"","index":0},{"label":"","index":0},{"label":"","index":0},{"label":"","index":0}],[{"label":"","index":0},{"label":"","index":0},{"label":"","index":0},{"label":"","index":0},{"label":"","index":0},{"label":"","index":0},{"label":"","index":0},{"label":"","index":0}]],[[{"label":"","index":0},{"label":"","index":0},{"label":"","index":0},{"label":"","index":0},{"label":"","index":0},{"label":"","index":0},{"label":"","index":0},{"label":"","index":0}],[{"label":"","index":0},{"label":"","index":0},{"label":"","index":0},{"label":"","index":0},{"label":"","index":0},{"label":"","index":0},{"label":"","index":0},{"label":"","index":0}],[{"label":"","index":0},{"label":"","index":0},{"label":"","index":0},{"label":"","index":0},{"label":"","index":0},{"label":"","index":0},{"label":"","index":0},{"label":"","index":0}],[{"label":"","index":0},{"label":"","index":0},{"label":"","index":0},{"label":"","index":0},{"label":"","index":0},{"label":"","index":0},{"label":"","index":0},{"label":"","index":0}],[{"label":"","index":0},{"label":"","index":0},{"label":"","index":0},{"label":"","index":0},{"label":"","index":0},{"label":"","index":0},{"label":"","index":0},{"label":"","index":0}],[{"label":"","index":0},{"label":"","index":0},{"label":"","index":0},{"label":"","index":0},{"label":"","index":0},{"label":"","index":0},{"label":"","index":0},{"label":"","index":0}],[{"label":"Pad /","index":84},{"label":"Pad *","index":85},{"label":"Pad -","index":86},{"label":"Pad +","index":87},{"label":"toggle FN2","index":252},{"label":"","index":0},{"label":"","index":0},{"label":"","index":0}],[{"label":"Right","index":79},{"label":"Pad .","index":99},{"label":"Pad 3","index":91},{"label":"Pad 6","index":94},{"label":"Pad 9","index":97},{"label":"","index":0},{"label":"","index":0},{"label":"","index":0}],[{"label":"Down","index":81},{"label":"Up","index":82},{"label":"Pad 2","index":90},{"label":"Pad 5","index":93},{"label":"Pad 8","index":96},{"label":"","index":0},{"label":"","index":0},{"label":"","index":0}],[{"label":"Left","index":80},{"label":"Pad 0","index":98},{"label":"Pad 1","index":89},{"label":"Pad 4","index":92},{"label":"Pad 7","index":95},{"label":"","index":0},{"label":"","index":0},{"label":"","index":0}],[{"label":"","index":0},{"label":"","index":0},{"label":"","index":0},{"label":"","index":0},{"label":"","index":0},{"label":"","index":0},{"label":"","index":0},{"label":"","index":0}],[{"label":"","index":0},{"label":"","index":0},{"label":"","index":0},{"label":"","index":0},{"label":"","index":0},{"label":"","index":0},{"label":"","index":0},{"label":"","index":0}],[{"label":"","index":0},{"label":"","index":0},{"label":"","index":0},{"label":"","index":0},{"label":"","index":0},{"label":"","index":0},{"label":"","index":0},{"label":"","index":0}],[{"label":"","index":0},{"label":"","index":0},{"label":"","index":0},{"label":"","index":0},{"label":"","index":0},{"label":"","index":0},{"label":"","index":0},{"label":"","index":0}],[{"label":"","index":0},{"label":"","index":0},{"label":"","index":0},{"label":"","index":0},{"label":"","index":0},{"label":"","index":0},{"label":"","index":0},{"label":"","index":0}]],[[{"label":"","index":0},{"label":"","index":0},{"label":"","index":0},{"label":"","index":0},{"label":"","index":0},{"label":"","index":0},{"label":"","index":0},{"label":"","index":0}],[{"label":"","index":0},{"label":"","index":0},{"label":"","index":0},{"label":"","index":0},{"label":"","index":0},{"label":"","index":0},{"label":"","index":0},{"label":"","index":0}],[{"label":"","index":0},{"label":"","index":0},{"label":"","index":0},{"label":"","index":0},{"label":"","index":0},{"label":"","index":0},{"label":"","index":0},{"label":"","index":0}],[{"label":"","index":0},{"label":"","index":0},{"label":"","index":0},{"label":"","index":0},{"label":"","index":0},{"label":"","index":0},{"label":"","index":0},{"label":"","index":0}],[{"label":"","index":0},{"label":"","index":0},{"label":"","index":0},{"label":"","index":0},{"label":"","index":0},{"label":"","index":0},{"label":"","index":0},{"label":"","index":0}],[{"label":"","index":0},{"label":"","index":0},{"label":"","index":0},{"label":"","index":0},{"label":"","index":0},{"label":"","index":0},{"label":"","index":0},{"label":"","index":0}],[{"label":"Pad /","index":84},{"label":"Pad *","index":85},{"label":"Pad -","index":86},{"label":"Pad +","index":87},{"label":"toggle FN3","index":247},{"label":"","index":0},{"label":"","index":0},{"label":"","index":0}],[{"label":"Del","index":76},{"label":"Pad .","index":99},{"label":"Pad 3","index":91},{"label":"Pad 6","index":94},{"label":"Pad 9","index":97},{"label":"","index":0},{"label":"","index":0},{"label":"","index":0}],[{"label":"Pad Enter","index":88},{"label":"Space","index":44},{"label":"Pad 2","index":90},{"label":"Pad 5","index":93},{"label":"Pad 8","index":96},{"label":"","index":0},{"label":"","index":0},{"label":"","index":0}],[{"label":"BackSpc","index":42},{"label":"Pad 0","index":98},{"label":"Pad 1","index":89},{"label":"Pad 4","index":92},{"label":"Pad 7","index":95},{"label":"","index":0},{"label":"","index":0},{"label":"","index":0}],[{"label":"","index":0},{"label":"","index":0},{"label":"","index":0},{"label":"","index":0},{"label":"","index":0},{"label":"","index":0},{"label":"","index":0},{"label":"","index":0}],[{"label":"","index":0},{"label":"","index":0},{"label":"","index":0},{"label":"","index":0},{"label":"","index":0},{"label":"","index":0},{"label":"","index":0},{"label":"","index":0}],[{"label":"","index":0},{"label":"","index":0},{"label":"","index":0},{"label":"","index":0},{"label":"","index":0},{"label":"","index":0},{"label":"","index":0},{"label":"","index":0}],[{"label":"","index":0},{"label":"","index":0},{"label":"","index":0},{"label":"","index":0},{"label":"","index":0},{"label":"","index":0},{"label":"","index":0},{"label":"","index":0}],[{"label":"","index":0},{"label":"","index":0},{"label":"","index":0},{"label":"","index":0},{"label":"","index":0},{"label":"","index":0},{"label":"","index":0},{"label":"","index":0}]]]